Mã chứng khoán,Tên chứng khoán,Ngành,% Thay đổi
CIG,Công ty Cổ phần COMA 18,Xây dựng và Vật liệu,178.69
FUCVREIT,Quỹ đầu tư Bất động sản Techcom Việt Nam,Dịch vụ tài chính,161.12
RIC,Công ty Cổ phần Quốc Tế Hoàng Gia,Du lịch và giải trí,159.45
TNT,Công ty Cổ phần Tập đoàn TNT,Tài nguyên cơ bản,157.54999999999995
TGG,Công ty Cổ phần Đầu tư và Xây dựng Trường Giang,Xây dựng và Vật liệu,131.16
TSC,Công ty Cổ phần Vật tư Kỹ thuật Nông nghiệp Cần Thơ,Hóa chất,116.86
ABS,Công ty Cổ phần Dịch vụ Nông nghiệp Bình Thuận,Bán lẻ,116.71999999999996
LCM,Công ty Cổ phần Khai thác và Chế biến Khoáng sản Lào Cai,Tài nguyên cơ bản,115.91000000000004
TEG,Công ty Cổ phần Năng Lượng và Bất động sản Trường Thành,Bất động sản,103.72
ROS,Công ty Cổ phần Xây dựng FLC FAROS,Xây dựng và Vật liệu,101.29
AMD,Công ty Cổ phần Đầu tư và Khoáng sản FLC Stone,Bất động sản,98.82
SGT,Công ty Cổ phần Công nghệ Viễn thông Sài Gòn,Công nghệ thông tin,96.93999999999998
FLC,Công ty Cổ phần Tập đoàn FLC,Bất động sản,95.65
SHI,Công ty Cổ phần Quốc tế Sơn Hà,Tài nguyên cơ bản,91.7
FTM,Công ty Cổ phần Đầu tư và Phát triển Đức Quân,Hàng cá nhân & Gia dụng,86.32
DTA,Công ty Cổ phần Đệ Tam,Bất động sản,83.98
DAH,Công ty Cổ phần Tập đoàn Khách sạn Đông Á,Du lịch và giải trí,83.40000000000002
DLG,Công ty Cổ phần Tập đoàn Đức Long Gia Lai,Tài nguyên cơ bản,81.82999999999998
HQC,Công ty Cổ phần Tư vấn,Bất động sản,75.98999999999998
TCM,Công ty Cổ phần Dệt may,Hàng cá nhân & Gia dụng,74.85999999999999
HAS,Công ty Cổ phần Hacisco,Xây dựng và Vật liệu,73.76
TLH,Công ty Cổ phần Tập đoàn Thép Tiến Lên,Tài nguyên cơ bản,71.59
NVL,Công ty Cổ phần Tập đoàn Đầu tư Địa ốc No Va,Bất động sản,71.26
HCD,Công ty Cổ phần Đầu tư Sản xuất và Thương mại HCD,Hóa chất,66.44999999999999
SAV,Công ty Cổ phần Hợp tác Kinh tế và Xuất nhập khẩu Savimex,Xây dựng và Vật liệu,65.34000000000002
HAI,Công ty Cổ phần Nông dược HAI,Hóa chất,62.42000000000001
NVT,Công ty Cổ phần Bất động sản Du lịch Ninh Vân Bay,Bất động sản,61.72000000000003
VOS,Công ty Cổ phần Vận tải Biển Việt Nam,Hàng & Dịch vụ công nghiệp,60.740000000000016
VPG,Công ty Cổ phần Đầu tư Thương mại Xuất nhập khẩu Việt Phát,Bán lẻ,60.68999999999999
GIL,Công ty Cổ phần Sản xuất Kinh doanh Xuất nhập khẩu Bình Thạnh,Hàng cá nhân & Gia dụng,58.86
VPB,Ngân hàng Thương mại Cổ phần Việt Nam Thịnh Vượng,Ngân hàng,58.84
TMT,Công ty Cổ phần Ô tô TMT,Ô tô và phụ tùng,58.07
NKG,Công ty Cổ phần Thép Nam Kim,Tài nguyên cơ bản,57.73000000000001
LPB,Ngân hàng Thương mại Cổ phần Bưu Điện Liên Việt,Ngân hàng,57.25
VIB,Ngân hàng Thương mại Cổ phần Quốc tế Việt Nam,Ngân hàng,56.69999999999999
HMC,Công ty Cổ phần Kim khí Thành phố Hồ Chí Minh,Tài nguyên cơ bản,55.08
SMC,Công ty Cổ phần Đầu tư Thương mại SMC,Tài nguyên cơ bản,53.92999999999999
RAL,Công ty Cổ phần Bóng đèn Phích nước Rạng Đông,Hàng cá nhân & Gia dụng,53.23
HVX,Công ty Cổ phần Xi măng Vicem Hải Vân,Xây dựng và Vật liệu,52.69
PMG,Công ty Cổ phần Đầu tư và Sản xuất Petro Miền Trung,Tiện ích cộng đồng,52.06000000000002
LBM,Công ty Cổ phần Khoáng sản và Vật liệu xây dựng Lâm Đồng,Xây dựng và Vật liệu,50.99
DC4,Công ty Cổ phần Xây dựng DIC Holdings,Xây dựng và Vật liệu,50.83
SJF,Công ty Cổ phần Đầu tư Sao Thái Dương,Dược phẩm và Y tế,50.44999999999999
HID,Công ty Cổ phần Halcom Vietnam,Xây dựng và Vật liệu,48.89
SJS,Công ty Cổ phần Đầu tư Phát triển Đô thị và Khu công nghiệp Sông Đà,Bất động sản,48.83
TDG,Công ty Cổ phần Dầu khí Thái Dương,Tiện ích cộng đồng,48.69
KBC,Tổng Công ty Phát triển Đô thị Kinh Bắc,Bất động sản,48.56
STK,Công ty Cổ phần Sợi Thế Kỷ,Hàng cá nhân & Gia dụng,47.21
MCG,Công ty Cổ phần Cơ điện và Xây dựng Việt Nam,Xây dựng và Vật liệu,46.84
MHC,Công ty Cổ phần MHC,Hàng & Dịch vụ công nghiệp,46.36000000000001
NHA,Tổng Công ty Đầu tư Phát triển Nhà và Đô thị Nam Hà Nội,Xây dựng và Vật liệu,45.95000000000002
LSS,Công ty Cổ phần Mía đường Lam Sơn,Thực phẩm & Đồ uống,45.38999999999999
AGG,Công ty Cổ phần Đầu tư và Phát triển Bất động sản An Gia,Bất động sản,43.05
DHC,Công ty Cổ phần Đông Hải Bến Tre,Tài nguyên cơ bản,42.40999999999999
HAH,Công ty Cổ phần Vận tải và Xếp dỡ Hải An,Hàng & Dịch vụ công nghiệp,41.78
SHA,Công ty Cổ phần Sơn Hà Sài Gòn,Tài nguyên cơ bản,41.48
DXG,Công ty Cổ phần Tập đoàn Đất Xanh,Bất động sản,41.05
SGR,Công ty Cổ phần Địa ốc Sài Gòn,Bất động sản,40.98
VIX,Công ty Cổ phần Chứng khoán VIX,Dịch vụ tài chính,40.09000000000001
VID,Công ty Cổ phần Đầu tư Phát triển Thương mại Viễn Đông,Tài nguyên cơ bản,40.06
SC5,Công ty Cổ phần Xây dựng số 5,Xây dựng và Vật liệu,39.71000000000001
TMS,Công ty Cổ phần Transimex,Hàng & Dịch vụ công nghiệp,38.76000000000001
GMC,Công ty Cổ phần Garmex Sài Gòn,Hàng cá nhân & Gia dụng,38.66
HSG,Công ty Cổ phần Tập đoàn Hoa Sen,Tài nguyên cơ bản,37.93000000000001
EIB,Ngân hàng Thương mại Cổ phần Xuất nhập khẩu Việt Nam,Ngân hàng,37.92
STB,Ngân hàng Thương mại Cổ phần Sài Gòn Thương Tín,Ngân hàng,37.88999999999999
POM,Công ty Cổ phần Thép Pomina,Tài nguyên cơ bản,37.55
PSH,Công ty Cổ phần Thương mại Đầu tư Dầu khí Nam Sông Hậu,Bán lẻ,36.91
HPG,Công ty Cổ phần Tập đoàn Hòa Phát,Tài nguyên cơ bản,35.65000000000001
CRE,Công ty Cổ phần Bất động sản Thế Kỷ,Bất động sản,35.37
ITD,Công ty Cổ phần Công nghệ Tiên Phong,Công nghệ thông tin,34.919999999999995
THG,Công ty Cổ phần Đầu tư và Xây dựng Tiền Giang,Xây dựng và Vật liệu,34.56999999999999
VCA,Công ty Cổ phần Thép VICASA,Tài nguyên cơ bản,34.41
ADS,Công ty Cổ phần DAMSAN,Hàng cá nhân & Gia dụng,33.72
BCM,Tổng Công ty Đầu tư và Phát triển Công nghiệp,Bất động sản,33.61
TCR,Công ty Cổ phần Công nghiệp Gốm sứ TAICERA,Xây dựng và Vật liệu,33.38000000000001
KDC,Công ty Cổ phần Tập đoàn KIDO,Thực phẩm & Đồ uống,33.17000000000001
KMR,Công ty Cổ phần Mirae,Hàng cá nhân & Gia dụng,32.99
HAX,Công ty Cổ phần Dịch vụ Ô tô Hàng Xanh,Ô tô và phụ tùng,32.709999999999994
TAC,Công ty Cổ phần Dầu Thực vật Tường An,Thực phẩm & Đồ uống,32.35000000000001
DGC,Công ty Cổ phần Tập đoàn Hóa chất Đức Giang,Hóa chất,31.97999999999999
AAT,Công ty Cổ phần Tiên Sơn Thanh Hóa,Hàng cá nhân & Gia dụng,31.89
EVG,Công ty Cổ phần Tập đoàn Everland,Xây dựng và Vật liệu,31.72000000000001
CCL,Công ty Cổ phần Đầu tư và Phát triển Đô thị Dầu khí Cửu Long,Bất động sản,31.69
PDR,Công ty Cổ phần Phát triển Bất động sản Phát Đạt,Bất động sản,31.36
PTB,Công ty Cổ phần Phú Tài,Xây dựng và Vật liệu,31.08
HRC,Công ty Cổ phần Cao su Hòa Bình,Hóa chất,30.97000000000001
EVE,Công ty Cổ phần Everpia,Hàng cá nhân & Gia dụng,30.85
VGC,Tổng Công ty Viglacera,Xây dựng và Vật liệu,30.62
DTL,Công ty Cổ phần Đại Thiên Lộc,Tài nguyên cơ bản,30.410000000000004
SVT,Công ty Cổ phần Công nghệ Sài Gòn Viễn Đông,Tài nguyên cơ bản,30.40000000000001
SSB,Ngân hàng Thương mại Cổ phần Đông Nam Á,Ngân hàng,30.08
FPT,Công ty Cổ phần FPT,Công nghệ thông tin,29.89000000000001
ELC,Công ty Cổ phần Đầu tư Phát triển Công nghệ điện tử,Công nghệ thông tin,29.89
TVS,Công ty Cổ phần Chứng khoán Thiên Việt,Dịch vụ tài chính,29.41
CLW,Công ty Cổ phần Cấp nước Chợ Lớn,Tiện ích cộng đồng,29.139999999999993
PAC,Công ty Cổ phần Pin Ắc quy Miền Nam,Hàng & Dịch vụ công nghiệp,28.870000000000005
MBB,Ngân hàng Thương mại Cổ phần Quân đội,Ngân hàng,28.760000000000005
TTF,Công ty Cổ phần Tập đoàn Kỹ nghệ Gỗ Trường Thành,Tài nguyên cơ bản,27.91
TCB,Ngân hàng Thương mại Cổ phần Kỹ thương Việt Nam,Ngân hàng,27.71
GDT,Công ty Cổ phần Chế biến Gỗ Đức Thành,Hàng cá nhân & Gia dụng,27.71
VDS,Công ty Cổ phần Chứng khoán Rồng Việt,Dịch vụ tài chính,27.50000000000001
DGW,Công ty Cổ phần Thế Giới Số,Bán lẻ,27.48000000000001
HTL,Công ty Cổ phần Kỹ thuật và Ô tô Trường Long,Ô tô và phụ tùng,27.23
TS4,Công ty Cổ phần Thủy sản số 4,Thực phẩm & Đồ uống,27.22000000000001
HII,Công ty Cổ phần An Tiến Industries,Hóa chất,27.13
PTC,Công ty Cổ phần Đầu tư và Xây dựng Bưu điện,Xây dựng và Vật liệu,27.04
TNI,Công ty Cổ phần Tập đoàn Thành Nam,Tài nguyên cơ bản,26.929999999999986
AGR,Công ty Cổ phần Chứng khoán AGRIBANK,Dịch vụ tài chính,26.43000000000001
IMP,Công ty Cổ phần Dược phẩm IMEXPHARM,Dược phẩm và Y tế,26.34
MSH,Công ty Cổ phần May Sông Hồng,Hàng cá nhân & Gia dụng,26.31
FUCTVGF2,Quỹ Đầu tư Tăng trưởng Thiên Việt 2,Dịch vụ tài chính,25.6
SBV,Công ty Cổ phần Siam Brothers Việt Nam,Bán lẻ,25.56
OCB,Ngân hàng Thương mại Cổ phần Phương Đông,Ngân hàng,25.48999999999999
DXV,Công ty Cổ phần VICEM Vật liệu Xây dựng Đà Nẵng,Xây dựng và Vật liệu,25.239999999999995
BFC,Công ty Cổ phần Phân bón Bình Điền,Hóa chất,24.960000000000022
TCO,Công ty Cổ phần Vận tải Đa phương thức Duyên Hải,Hàng & Dịch vụ công nghiệp,24.8
PET,Tổng Công ty Cổ phần Dịch vụ Tổng hợp Dầu khí,Bán lẻ,24.25
SVC,Công ty Cổ phần Dịch vụ tổng hợp Sài Gòn,Ô tô và phụ tùng,23.430000000000003
CMV,Công ty Cổ phần Thương nghiệp Cà Mau,Bán lẻ,23.27000000000001
DQC,Công ty Cổ phần Bóng đèn Điện Quang,Hàng cá nhân & Gia dụng,23.03
MDG,Công ty Cổ phần Miền Đông,Xây dựng và Vật liệu,22.9
HTI,Công ty Cổ phần Đầu tư Phát triển Hạ tầng IDICO,Xây dựng và Vật liệu,22.89
HSL,Công ty Cổ phần Đầu tư Phát triển Thực phẩm Hồng Hà,Thực phẩm & Đồ uống,22.63000000000001
TTE,Công ty Cổ phần Đầu tư Năng lượng Trường Thịnh,Tiện ích cộng đồng,22.3
NLG,Công ty cổ phần Đầu tư Nam Long,Bất động sản,22.03
DCL,Công ty Cổ phần Dược phẩm Cửu Long,Dược phẩm và Y tế,21.88
HUB,Công ty Cổ phần Xây lắp Thừa Thiên Huế,Xây dựng và Vật liệu,21.88
ACB,Ngân hàng Thương mại Cổ phần Á Châu,Ngân hàng,21.73
VIC,Tập đoàn Vingroup,Bất động sản,21.359999999999992
PXI,Công ty Cổ phần Xây dựng Công nghiệp và Dân dụng Dầu khí,Xây dựng và Vật liệu,21.15
UIC,Công ty Cổ phần Đầu tư Phát triển Nhà và Đô thị IDICO,Xây dựng và Vật liệu,21.04
PVD,Tổng Công ty Cổ phần Khoan và Dịch vụ khoan Dầu khí,Dầu khí,21.030000000000012
VPS,Công ty Cổ phần Thuốc sát trùng Việt Nam,Hóa chất,21.03
KDH,Công ty Cổ phần Đầu tư và Kinh doanh nhà Khang Điền,Bất động sản,20.750000000000007
PNJ,Công ty Cổ phần Vàng bạc Đá quý Phú Nhuận,Hàng cá nhân & Gia dụng,20.66
TVT,Tổng Công ty Việt Thắng,Hàng cá nhân & Gia dụng,20.589999999999996
MCP,Công ty Cổ phần In và Bao bì Mỹ Châu,Hàng & Dịch vụ công nghiệp,20.11
HPX,Công ty Cổ phần Đầu tư Hải Phát,Bất động sản,19.61
CTG,Ngân hàng Thương mại Cổ phần Công thương Việt Nam,Ngân hàng,19.369999999999987
SFI,Công ty Cổ phần Đại lý Vận tải Safi,Hàng & Dịch vụ công nghiệp,19.32
TCD,Công ty Cổ phần Đầu tư Phát triển Công nghiệp và Vận tải,Xây dựng và Vật liệu,19.3
RDP,Công ty Cổ phần Rạng Đông Holding,Hóa chất,18.789999999999992
TDW,Công ty Cổ phần Cấp nước Thủ Đức,Tiện ích cộng đồng,18.700000000000006
GEX,Tổng Công ty Cổ phần Thiết bị điện Việt Nam,Hàng & Dịch vụ công nghiệp,18.400000000000006
AGM,Công ty Cổ phần Xuất nhập khẩu An Giang,Thực phẩm & Đồ uống,18.270000000000007
PVT,Tổng Công ty Cổ phần Vận tải Dầu khí,Hàng & Dịch vụ công nghiệp,17.839999999999996
VDP,Công ty Cổ phần Dược phẩm Trung ương VIDIPHA,Dược phẩm và Y tế,17.21
HHS,Công ty Cổ phần Đầu tư Dịch vụ Hoàng Huy,Ô tô và phụ tùng,17.150000000000006
MWG,Công ty Cổ phần Đầu tư Thế Giới Di Động,Bán lẻ,16.990000000000002
TTB,Công ty Cổ phần Tập đoàn Tiến Bộ,Xây dựng và Vật liệu,16.99
TLD,Công ty Cổ phần Đầu tư Xây dựng và Phát triển Đô thị Thăng Long,Bất động sản,16.979999999999993
SFG,Công ty Cổ phần Phân bón Miền Nam,Hóa chất,16.79
PC1,Công ty Cổ phần Xây lắp điện I,Xây dựng và Vật liệu,16.740000000000006
VSI,Công ty Cổ phần Đầu tư và Xây dựng Cấp thoát nước,Xây dựng và Vật liệu,16.42
VNE,Tổng Công ty Cổ phần Xây dựng điện Việt Nam,Xây dựng và Vật liệu,16.129999999999995
VNL,Công ty Cổ phần Logistics Vinalink,Hàng & Dịch vụ công nghiệp,15.7
VPH,Công ty Cổ phần Vạn Phát Hưng,Bất động sản,15.699999999999998
DCM,Công ty Cổ phần Phân bón Dầu Khí Cà Mau,Hóa chất,15.11000000000001
DRC,Công ty Cổ phần Cao su Đà Nẵng,Ô tô và phụ tùng,15.100000000000005
TDC,Công ty Cổ phần Kinh doanh và Phát triển Bình Dương,Xây dựng và Vật liệu,15.070000000000013
HDB,Ngân hàng Thương mại Cổ phần Phát Triển Thành phố Hồ Chí Minh,Ngân hàng,14.900000000000002
AAA,Công ty Cổ phần Nhựa An Phát Xanh,Hóa chất,14.55
CLC,Công ty Cổ phần Cát Lợi,Hàng cá nhân & Gia dụng,14.499999999999998
GTA,Công ty Cổ phần Chế biến Gỗ Thuận An,Tài nguyên cơ bản,14.369999999999996
HTV,Công ty Cổ phần Logistics Vicem,Hàng & Dịch vụ công nghiệp,14.17
DPG,Công ty Cổ phần Đạt Phương,Xây dựng và Vật liệu,14.069999999999995
BMC,Công ty Cổ phần Khoáng sản Bình Định,Tài nguyên cơ bản,13.559999999999995
PIT,Công ty Cổ phần Xuất nhập khẩu Petrolimex,Bán lẻ,13.55
IJC,Công ty Cổ phần Phát triển Hạ tầng Kỹ thuật,Bất động sản,13.289999999999996
DHM,Công ty Cổ phần Thương mại & Khai thác Khoáng sản Dương Hiếu,Tài nguyên cơ bản,12.770000000000005
PHC,Công ty Cổ phần Xây dựng Phục Hưng Holdings,Xây dựng và Vật liệu,12.690000000000005
MSB,Ngân hàng Thương mại Cổ phần Hàng Hải Việt Nam,Ngân hàng,12.639999999999995
FCM,Công ty Cổ phần Khoáng sản FECON,Xây dựng và Vật liệu,12.450000000000005
NHH,Công ty Cổ phần Nhựa Hà Nội,Hóa chất,12.35
STG,Công ty Cổ phần Kho Vận Miền Nam,Hàng & Dịch vụ công nghiệp,12.31
VHM,Công ty Cổ phần Vinhomes,Bất động sản,12.140000000000004
HU1,Công ty Cổ phần Đầu tư và Xây dựng HUD1,Xây dựng và Vật liệu,12.130000000000004
VTB,Công ty Cổ phần Viettronics Tân Bình,Hàng & Dịch vụ công nghiệp,11.96
ST8,Công ty Cổ phần Siêu Thanh,Công nghệ thông tin,11.88
PPC,Công ty Cổ phần Nhiệt điện Phả Lại,Tiện ích cộng đồng,11.619999999999996
MSN,Công ty Cổ phần Tập đoàn Masan,Thực phẩm & Đồ uống,11.610000000000005
NBB,Công ty Cổ phần Đầu tư Năm Bảy Bảy,Bất động sản,11.539999999999996
VMD,Công ty Cổ phần Y Dược phẩm Vimedimex,Dược phẩm và Y tế,11.520000000000005
C47,Công ty Cổ phần Xây dựng 47,Xây dựng và Vật liệu,11.46000000000001
DTT,Công ty Cổ phần Kỹ nghệ Đô Thành,Hóa chất,11.39
VCF,Công ty Cổ phần Vinacafe Biên Hòa,Thực phẩm & Đồ uống,11.32
UDC,Công ty Cổ phần Xây dựng và Phát triển đô thị Tỉnh Bà Rịa,Xây dựng và Vật liệu,11.29
VIS,Công ty Cổ phần Thép Việt Ý,Tài nguyên cơ bản,11.150000000000004
PDN,Công ty Cổ phần Cảng Đồng Nai,Hàng & Dịch vụ công nghiệp,10.929999999999994
PGD,Công ty Cổ phần Phân phối khí thấp áp dầu khí Việt Nam,Tiện ích cộng đồng,10.490000000000002
ASP,Công ty Cổ phần Tập đoàn Dầu khí An Pha,Tiện ích cộng đồng,10.31
FTS,Công ty Cổ phần Chứng khoán FPT,Dịch vụ tài chính,10.299999999999997
SAM,Công ty Cổ phần SAM Holdings,Công nghệ thông tin,10.290000000000008
SZC,Công ty Cổ phần Sonadezi Châu Đức,Bất động sản,10.260000000000003
PJT,Công ty Cổ phần Vận tải Xăng dầu đường thủy Petrolimex,Hàng & Dịch vụ công nghiệp,10.05
VCI,Công ty Cổ phần Chứng khoán Bản Việt,Dịch vụ tài chính,9.590000000000002
TCH,Công ty Cổ phần Đầu tư Dịch vụ Tài chính Hoàng Huy,Ô tô và phụ tùng,9.459999999999997
REE,Công ty Cổ phần Cơ điện Lạnh,Hàng & Dịch vụ công nghiệp,9.33
GSP,Công ty Cổ phần Vận tải Sản phẩm Khí Quốc tế,Hàng & Dịch vụ công nghiệp,9.099999999999998
PLP,Công ty Cổ phần Sản xuất và Công nghệ Nhựa Pha Lê,Hóa chất,9.040000000000003
CNG,Công ty Cổ phần CNG Việt Nam,Tiện ích cộng đồng,8.92999999999999
OPC,Công ty Cổ phần Dược Phẩm OPC,Dược phẩm và Y tế,8.92
HDC,Công ty Cổ phần Phát triển Nhà Bà Rịa Vũng Tàu,Bất động sản,8.85
VPI,Công ty Cổ phần Đầu tư Văn Phú,Bất động sản,8.59
BRC,Công ty Cổ phần Cao su Bến Thành,Hóa chất,8.43
CRC,Công ty Cổ phần Create Capital Việt Nam,Xây dựng và Vật liệu,8.21999999999999
ITA,Công ty Cổ phần Đầu tư và Công nghiệp Tân Tạo,Bất động sản,8.2
TCL,Công ty Cổ phần Đại lý Giao nhận Vận tải Xếp dỡ Tân Cảng,Hàng & Dịch vụ công nghiệp,8.179999999999998
IBC,Công ty Cổ phần Đầu tư APAX Holdings,Dịch vụ tài chính,8.120000000000005
TIX,Công ty Cổ phần Sản xuất Kinh doanh Xuất nhập khẩu Dịch vụ và Đầu tư Tân Bình,Bất động sản,8.12
VIP,Công ty Cổ phần Vận tải Xăng dầu VIPCO,Hàng & Dịch vụ công nghiệp,8.089999999999991
HAG,Công ty Cổ phần Hoàng Anh Gia Lai,Thực phẩm & Đồ uống,7.829999999999992
CSM,Công ty Cổ phần Công nghiệp Cao su Miền Nam,Ô tô và phụ tùng,7.690000000000001
YBM,Công ty Cổ phần Khoáng sản Công nghiệp Yên Bái,Tài nguyên cơ bản,7.1400000000000015
LIX,Công ty Cổ phần Bột giặt LIX,Hàng cá nhân & Gia dụng,6.939999999999998
KOS,Công ty Cổ phần KOSY,Bất động sản,6.490000000000001
CKG,Công ty Cổ phần Tập đoàn Tư vấn Đầu tư Xây dựng Kiên Giang,Xây dựng và Vật liệu,6.35
VAF,Công ty Cổ phần Phân lân nung chảy Văn Điển,Hóa chất,6.2799999999999985
NAV,Công ty Cổ phần Nam Việt,Xây dựng và Vật liệu,6.109999999999998
TYA,Công ty Cổ phần Dây và Cáp điện Taya Việt Nam,Hàng & Dịch vụ công nghiệp,5.7200000000000015
SRF,Công ty Cổ phần Kỹ nghệ lạnh,Hàng & Dịch vụ công nghiệp,5.67
LEC,Công ty Cổ phần Bất động sản Điện lực Miền Trung,Bất động sản,5.469999999999998
SII,Công ty Cổ phần Hạ tầng Nước Sài Gòn,Xây dựng và Vật liệu,5.250000000000002
LHG,Công ty Cổ phần Long Hậu,Bất động sản,5.210000000000003
GMD,Công ty Cổ phần Gemadept,Hàng & Dịch vụ công nghiệp,5.090000000000007
PNC,Công ty Cổ phần Văn hóa Phương Nam,Truyền thông,4.990000000000002
VSH,Công ty Cổ phần Thủy điện Vĩnh Sơn,Tiện ích cộng đồng,4.919999999999998
DHA,Công ty Cổ phần Hóa An,Xây dựng và Vật liệu,4.9199999999999955
VCG,Tổng Công ty Cổ phần Xuất nhập khẩu và Xây dựng Việt Nam,Xây dựng và Vật liệu,4.910000000000002
TPC,Công ty Cổ phần Nhựa Tân Đại Hưng,Hóa chất,4.489999999999997
TBC,Công ty Cổ phần Thủy điện Thác Bà,Tiện ích cộng đồng,4.35
HVN,Tổng Công ty Hàng không Việt Nam,Du lịch và giải trí,4.330000000000002
DPR,Công ty Cổ phần Cao su Đồng Phú,Hóa chất,4.1400000000000015
CVT,Công ty Cổ phần CMC,Xây dựng và Vật liệu,3.9299999999999953
DRL,Công ty Cổ phần Thủy điện,Tiện ích cộng đồng,3.850000000000001
VCB,Ngân hàng Thương mại Cổ phần Ngoại thương Việt Nam,Ngân hàng,3.7499999999999987
SBA,Công ty Cổ phần Sông Ba,Tiện ích cộng đồng,3.660000000000001
VRE,Công ty Cổ phần Vincom Retail,Bất động sản,3.6000000000000005
VTO,Công ty Cổ phần Vận tải Xăng dầu VITACO,Hàng & Dịch vụ công nghiệp,3.589999999999998
DRH,Công ty Cổ phần DRH Holdings,Bất động sản,3.2200000000000117
CTI,Công ty Cổ phần Đầu tư Phát triển Cường Thuận IDICO,Xây dựng và Vật liệu,3.160000000000013
LM8,Công ty Cổ phần Lilama 18,Xây dựng và Vật liệu,3.0800000000000063
DPM,Tổng Công ty Cổ phần Phân bón và Hóa chất Dầu khí,Hóa chất,3.039999999999996
HBC,Công ty Cổ phần Tập đoàn Xây dựng Hòa Bình,Xây dựng và Vật liệu,2.9899999999999936
HVH,Công ty Cổ phần Đầu tư và Công nghệ HVC,Xây dựng và Vật liệu,2.979999999999998
HAR,Công ty Cổ phần Đầu tư Thương mại Bất động sản An Dương Thảo Điền,Bất động sản,2.910000000000001
ACC,Công ty Cổ phần Đầu tư và Xây dựng Bình Dương ACC,Xây dựng và Vật liệu,2.6099999999999994
ITC,Công ty Cổ phần Đầu tư,Bất động sản,2.600000000000005
TPB,Ngân hàng Thương mại Cổ phần Tiên Phong,Ngân hàng,2.599999999999998
SFC,Công ty Cổ phần Nhiên liệu Sài Gòn,Tiện ích cộng đồng,2.5799999999999983
BTT,Công ty Cổ phần Thương mại,Bán lẻ,2.5600000000000014
BCG,Công ty Cổ phần Bamboo Capital,Dịch vụ tài chính,2.4400000000000013
BTP,Công ty Cổ phần Nhiệt điện Bà Rịa,Tiện ích cộng đồng,2.379999999999997
PME,Công ty Cổ phần Pymepharco,Dược phẩm và Y tế,2.27
LGL,Công ty Cổ phần Đầu tư và Phát triển Đô thị Long Giang,Bất động sản,2.2499999999999964
TNA,Công ty Cổ phần Thương mại Xuất nhập khẩu Thiên Nam,Tài nguyên cơ bản,1.99
NCT,Công ty Cổ phần Dịch vụ Hàng hóa Nội Bài,Hàng & Dịch vụ công nghiệp,1.96
SMB,Công ty Cổ phần Bia Sài Gòn,Thực phẩm & Đồ uống,1.8799999999999983
HDG,Công ty Cổ phần Tập đoàn Hà Đô,Bất động sản,1.720000000000006
TRC,Công ty Cổ phần Cao su Tây Ninh,Hóa chất,1.3999999999999952
DVP,Công ty Cổ phần Đầu tư và Phát triển Cảng Đình Vũ,Hàng & Dịch vụ công nghiệp,1.309999999999997
SSI,Công ty Cổ phần Chứng khoán SSI,Dịch vụ tài chính,1.2699999999999925
SJD,Công ty Cổ phần Thủy điện Cần Đơn,Tiện ích cộng đồng,1.1699999999999986
TV2,Công ty Cổ phần Tư vấn Xây dựng Điện 2,Hàng & Dịch vụ công nghiệp,1.1199999999999957
HCM,Công ty Cổ phần Chứng khoán Thành phố Hồ Chí Minh,Dịch vụ tài chính,0.9199999999999876
FIR,Công ty Cổ phần Địa ốc First Real,Bất động sản,0.8600000000000052
CLL,Công ty Cổ phần Cảng Cát Lái,Hàng & Dịch vụ công nghiệp,0.6500000000000004
TMP,Công ty Cổ phần Thủy điện Thác Mơ,Tiện ích cộng đồng,0.5899999999999994
HU3,Công ty Cổ phần Đầu tư và Xây dựng HUD3,Xây dựng và Vật liệu,0.37000000000000105
SKG,Công ty Cổ phần Tàu Cao tốc Superdong,Du lịch và giải trí,0.3300000000000054
DIG,Tổng Công ty Cổ phần Đầu tư Phát triển Xây dựng,Bất động sản,-0.06000000000000937
VJC,Công ty Cổ phần Hàng không Vietjet,Du lịch và giải trí,-0.07999999999999917
SPM,Công ty Cổ phần S.P.M,Dược phẩm và Y tế,-0.0999999999999992
LDG,Công ty Cổ phần Đầu tư LDG,Bất động sản,-0.21999999999999087
SCD,Công ty Cổ phần Nước giải khát Chương Dương,Thực phẩm & Đồ uống,-0.33000000000000185
TDM,Công ty Cổ phần Nước Thủ Dầu Một,Tiện ích cộng đồng,-0.3999999999999986
L10,Công ty Cổ phần Lilama 10,Hàng & Dịch vụ công nghiệp,-0.4999999999999973
HOT,Công ty Cổ phần Du lịch,Du lịch và giải trí,-0.7499999999999982
SGN,Công ty Cổ phần Phục vụ mặt đất Sài Gòn,Hàng & Dịch vụ công nghiệp,-0.8099999999999971
SCS,Công ty Cổ phần Dịch vụ Hàng hóa Sài Gòn,Du lịch và giải trí,-0.8500000000000019
SRC,Công ty Cổ phần Cao su Sao Vàng,Ô tô và phụ tùng,-1.0599999999999987
COM,Công ty Cổ phần Vật tư Xăng dầu,Bán lẻ,-1.0799999999999983
MIG,Tổng Công ty Cổ phần Bảo hiểm Quân đội,Bảo hiểm,-1.140000000000005
SHP,Công ty Cổ phần Thủy điện Miền Nam,Tiện ích cộng đồng,-1.17
S4A,Công ty Cổ phần Thủy điện Sê San 4A,Tiện ích cộng đồng,-1.3499999999999988
TNC,Công ty Cổ phần Cao su Thống Nhất,Hóa chất,-1.3500000000000014
NTL,Công ty Cổ phần Phát triển Đô thị Từ Liêm,Bất động sản,-1.489999999999994
GAS,Tổng Công ty Khí Việt Nam,Tiện ích cộng đồng,-1.7899999999999991
EMC,Công ty Cổ phần Cơ điện Thủ Đức,Hàng & Dịch vụ công nghiệp,-1.8300000000000052
TRA,Công ty Cổ phần Traphaco,Dược phẩm và Y tế,-1.9099999999999968
C32,Công ty Cổ phần CIC39,Xây dựng và Vật liệu,-1.9400000000000013
VNS,Công ty Cổ phần Ánh Dương Việt Nam,Du lịch và giải trí,-2.070000000000002
SBT,Công ty Cổ phần Thành Thành Công,Thực phẩm & Đồ uống,-2.140000000000001
CTS,Công ty Cổ phần Chứng khoán Ngân hàng Công thương Việt Nam,Dịch vụ tài chính,-2.34
AST,Công ty Cổ phần Dịch vụ Hàng không Taseco,Hàng & Dịch vụ công nghiệp,-2.4000000000000004
PGI,Tổng Công ty Cổ phần Bảo hiểm Petrolimex,Bảo hiểm,-2.620000000000001
VPD,Công ty Cổ phần Phát triển Điện lực Việt Nam,Tiện ích cộng đồng,-2.7700000000000005
CTF,Công ty Cổ phần City Auto,Ô tô và phụ tùng,-2.84
GAB,Công ty Cổ phần Đầu tư Khai khoáng &amp; Quản lý Tài sản FLC,Xây dựng và Vật liệu,-2.84
KHP,Công ty Cổ phần Điện lực Khánh Hòa,Tiện ích cộng đồng,-2.8999999999999995
TLG,Công ty Cổ phần Tập đoàn Thiên Long,Hàng cá nhân & Gia dụng,-3.200000000000001
VRC,Công ty Cổ phần Bất động sản và Đầu tư VRC,Bất động sản,-3.619999999999988
LGC,Công ty Cổ phần Đầu tư Cầu đường CII,Hàng & Dịch vụ công nghiệp,-3.639999999999997
HTN,Công ty Cổ phần Hưng Thịnh Incons,Bất động sản,-3.7000000000000153
DBC,Công ty Cổ phần Tập đoàn Dabaco Việt Nam,Thực phẩm & Đồ uống,-3.8000000000000007
PXS,Công ty Cổ phần Kết cấu Kim loại và Lắp máy Dầu khí,Xây dựng và Vật liệu,-3.9299999999999926
FDC,Công ty Cổ phần Ngoại thương và Phát triển Đầu tư Thành phố Hồ Chí Minh,Bất động sản,-4.01
BMP,Công ty Cổ phần Nhựa Bình Minh,Xây dựng và Vật liệu,-4.229999999999999
DHG,Công ty Cổ phần Dược Hậu Giang,Dược phẩm và Y tế,-4.289999999999999
SVI,Công ty Cổ phần Bao bì Biên Hòa,Hàng & Dịch vụ công nghiệp,-4.4700000000000015
CHP,Công ty Cổ phần Thủy điện Miền Trung,Tiện ích cộng đồng,-4.619999999999999
CII,Công ty Cổ phần Đầu tư Hạ tầng Kỹ thuật TP.HCM,Xây dựng và Vật liệu,-4.889999999999999
APC,Công ty Cổ phần Chiếu xạ An Phú,Dược phẩm và Y tế,-5.320000000000006
HT1,Công ty Cổ phần Xi măng Hà Tiên 1,Xây dựng và Vật liệu,-5.400000000000002
SCR,Công ty Cổ phần Địa Ốc Sài Gòn Thương Tín,Bất động sản,-5.450000000000005
TCT,Công ty Cổ phần Cáp treo Núi Bà Tây Ninh,Du lịch và giải trí,-5.48
ILB,Công ty Cổ phần ICD Tân Cảng Long Bình,Hàng & Dịch vụ công nghiệp,-6.020000000000002
CSV,Công ty Cổ phần Hóa chất Cơ bản miền Nam,Hóa chất,-6.120000000000001
DBD,Công ty Cổ phần Dược,Dược phẩm và Y tế,-6.499999999999999
AAM,Công ty Cổ Phần Thủy Sản Mê Kông,Thực phẩm & Đồ uống,-7.039999999999997
BMI,Tổng Công ty Cổ phần Bảo Minh,Bảo hiểm,-7.060000000000013
SZL,Công ty Cổ phần Sonadezi Long Thành,Bất động sản,-7.190000000000002
PLX,Tập đoàn Xăng dầu Việt Nam,Dầu khí,-7.299999999999999
DSN,Công ty Cổ phần Công viên nước Đầm Sen,Du lịch và giải trí,-7.5699999999999985
FCN,Công ty Cổ phần FECON,Xây dựng và Vật liệu,-8.060000000000006
DAG,Công ty Cổ phần Tập đoàn Nhựa Đông Á,Hóa chất,-8.199999999999998
KSB,Công ty Cổ phần Khoáng sản và Xây dựng Bình Dương,Tài nguyên cơ bản,-8.289999999999996
CCI,Công ty Cổ phần Đầu tư Phát triển Công nghiệp Thương mại Củ Chi,Bất động sản,-8.599999999999998
BHN,Tổng Công ty Cổ phần Bia,Thực phẩm & Đồ uống,-8.89
IDI,Công ty Cổ phần Đầu tư và Phát triển Đa Quốc Gia I.D.I,Thực phẩm & Đồ uống,-9.009999999999991
BIC,Tổng Công ty Cổ phần Bảo hiểm Ngân hàng Đầu tư và Phát triển Việt Nam,Bảo hiểm,-9.48
LCG,Công ty Cổ phần LICOGI 16,Xây dựng và Vật liệu,-9.989999999999998
VSC,Công ty Cổ phần Container Việt Nam,Hàng & Dịch vụ công nghiệp,-10.05
POW,Tổng Công ty Điện lực Dầu khí Việt Nam,Tiện ích cộng đồng,-10.239999999999997
TNH,Công ty Cổ phần Bệnh viện Quốc tế Thái Nguyên,Dược phẩm và Y tế,-10.24
VHC,Công ty Cổ phần Vĩnh Hoàn,Thực phẩm & Đồ uống,-10.470000000000006
QCG,Công ty Cổ phần Quốc Cường Gia Lai,Bất động sản,-10.569999999999984
GVR,Tập đoàn Công nghiệp Cao su Việt Nam,Hóa chất,-11.029999999999998
FMC,Công ty Cổ phần Thực phẩm Sao Ta,Thực phẩm & Đồ uống,-11.250000000000005
PTL,Công ty Cổ phần Đầu tư Hạ tầng và Đô thị Dầu khí,Bất động sản,-11.46
BCE,Công ty Cổ phần Xây dựng và Giao thông Bình Dương,Xây dựng và Vật liệu,-11.880000000000004
ANV,Công ty Cổ phần Nam Việt,Thực phẩm & Đồ uống,-12.090000000000007
SMA,Công ty Cổ phần Thiết bị Phụ tùng Sài Gòn,Hàng & Dịch vụ công nghiệp,-12.33
CMG,Công ty Cổ phần Tập đoàn Công nghệ CMC,Công nghệ thông tin,-12.400000000000004
TIP,Công ty Cổ phần Phát triển Khu công nghiệp Tín Nghĩa,Bất động sản,-12.43
GEG,Công ty Cổ phần Điện Gia Lai,Tiện ích cộng đồng,-12.529999999999996
ADG,Công ty Cổ phần Clever Group,Truyền thông,-12.53
BVH,Tập đoàn Bảo Việt,Bảo hiểm,-12.69
PGC,Tổng Công ty Gas Petrolimex,Tiện ích cộng đồng,-12.810000000000002
ASM,Công ty Cổ phần Tập đoàn Sao Mai,Thực phẩm & Đồ uống,-12.860000000000007
NAF,Công ty Cổ phần Nafoods Group,Thực phẩm & Đồ uống,-13.42
DBT,Công ty Cổ phần Dược phẩm Bến Tre,Dược phẩm và Y tế,-13.510000000000002
NT2,Công ty Cổ phần Điện lực Dầu khí Nhơn Trạch 2,Tiện ích cộng đồng,-13.8
VNM,Công ty Cổ phần Sữa Việt Nam,Thực phẩm & Đồ uống,-13.930000000000005
BID,Ngân hàng Thương mại Cổ phần Đầu tư và Phát triển Việt Nam,Ngân hàng,-13.94
D2D,Công ty Cổ phần Phát triển Đô thị Công nghiệp số 2,Bất động sản,-13.980000000000008
BWE,Công ty Cổ phần Nước,Tiện ích cộng đồng,-14.440000000000017
ACL,Công ty Cổ phần Xuất nhập khẩu Thủy sản Cửu Long An Giang,Thực phẩm & Đồ uống,-14.599999999999987
PHR,Công ty Cổ phần Cao su Phước Hòa,Hóa chất,-15.0
SAB,Tổng Công ty Cổ phần Bia,Thực phẩm & Đồ uống,-15.420000000000005
FRT,Công ty Cổ phần Bán lẻ Kỹ thuật số FPT,Bán lẻ,-15.95000000000001
OGC,Công ty Cổ phần Tập đoàn Đại Dương,Dịch vụ tài chính,-16.189999999999994
DMC,Công ty Cổ phần Xuất nhập khẩu Y tế DOMESCO,Dược phẩm và Y tế,-16.880000000000006
DAT,Công ty cổ phần Đầu tư Du lịch và Phát triển Thủy sản,Thực phẩm & Đồ uống,-17.22
CEE,Công ty Cổ phần Xây dựng Hạ tầng CII,Xây dựng và Vật liệu,-18.079999999999995
JVC,Công ty Cổ phần Thiết bị Y tế Việt Nhật,Dược phẩm và Y tế,-18.81
CTD,Công ty Cổ phần Xây dựng Coteccons,Xây dựng và Vật liệu,-19.32
CDC,Công ty Cổ phần Chương Dương,Xây dựng và Vật liệu,-19.97
TDP,Công ty Cổ phần Thuận Đức,Hàng & Dịch vụ công nghiệp,-20.72
HNG,Công ty Cổ phần Nông nghiệp Quốc tế Hoàng Anh Gia Lai,Thực phẩm & Đồ uống,-20.84000000000001
APG,Công ty Cổ phần Chứng khoán APG,Dịch vụ tài chính,-21.669999999999995
HHP,Công ty Cổ phần Giấy Hoàng Hà Hải Phòng,Tài nguyên cơ bản,-21.89
CMX,Công ty Cổ phần CAMIMEX Group,Thực phẩm & Đồ uống,-22.17
VNG,Công ty Cổ phần Du Lịch Thành Thành Công,Du lịch và giải trí,-24.37
TTA,Công ty Cổ phần Đầu tư Xây dựng và Phát triển Trường Thành,Xây dựng và Vật liệu,-28.660000000000004
APH,Công ty Cổ phần Tập đoàn An Phát Holdings,Hàng & Dịch vụ công nghiệp,-31.4
FIT,Công ty Cổ phần Tập đoàn F.I.T,Dịch vụ tài chính,-32.379999999999995
ICT,Công ty Cổ phần Viễn thông,Công nghệ thông tin,-33.51
NNC,Công ty Cổ phần Đá Núi Nhỏ,Xây dựng và Vật liệu,-33.64999999999999
GTN,Công ty Cổ phần GTNFOODS,Thực phẩm & Đồ uống,-38.05
TDH,Công ty Cổ phần Phát triển Nhà Thủ Đức,Bất động sản,-42.31999999999999
SVD,Công ty Cổ phần Đầu tư & Thương mại Vũ Đăng,Hàng cá nhân & Gia dụng,-44.74000000000001
TN1,Công ty Cổ phần Thương mại Dịch vụ TNS Holdings,Bất động sản,-45.36000000000001
KPF,Công ty Cổ phần Đầu tư Tài chính Hoàng Minh,Xây dựng và Vật liệu,-49.47000000000001
YEG,Công ty Cổ phần Tập đoàn Yeah1,Truyền thông,-52.53
